,year,o_fgm,o_fga,o_ftm,o_fta,o_3pm,o_3pa,o_oreb,o_dreb,o_reb,o_asts,o_pf,o_stl,o_to,o_blk,o_pts,d_fgm,d_fga,d_ftm,d_fta,d_3pm,d_3pa,d_oreb,d_dreb,d_reb,d_asts,d_pf,d_stl,d_to,d_blk,d_pts,tmORB,tmDRB,tmTRB,opptmORB,opptmDRB,opptmTRB,GP,min,attend,count,tmID_ATL,tmID_CHA,tmID_CHI,tmID_CLE,tmID_CON,tmID_DET,tmID_HOU,tmID_IND,tmID_LAS,tmID_MIA,tmID_MIN,tmID_NYL,tmID_ORL,tmID_PHO,tmID_POR,tmID_SAC,tmID_SAS,tmID_SEA,tmID_UTA,tmID_WAS
0,1,812,1903,431,577,131,386,305,630,935,551,713,222,496,90,2186,879,1930,533,716,138,423,326,664,990,596,596,259,426,123,2429,0,0,0,0,0,0,32,6475,90963,4.0,False,True,False,False,False,False,False,False,False,False,False,False,False,False,False,False,False,False,False,False
1,1,809,1828,426,570,141,407,331,603,934,539,647,259,538,91,2185,774,1761,455,583,119,368,277,596,873,540,693,305,552,95,2122,0,0,0,0,0,0,32,6500,137532,4.0,False,False,False,True,False,False,False,False,False,False,False,False,False,False,False,False,False,False,False,False
2,1,868,1980,519,699,76,273,341,644,985,503,701,260,530,88,2331,905,1967,480,652,136,372,331,640,971,513,672,284,543,148,2426,0,0,0,0,0,0,32,6425,107289,11.0,False,False,False,False,False,True,False,False,False,False,False,False,False,False,False,False,False,False,False,False
3,1,891,1894,521,634,172,491,273,724,997,494,554,284,440,104,2475,786,1938,370,508,124,418,290,612,902,473,648,233,480,85,2066,0,0,0,0,0,0,32,6475,196077,17.0,False,False,False,False,False,False,True,False,False,False,False,False,False,False,False,False,False,False,False,False
4,1,796,1838,428,569,193,521,285,647,932,501,642,271,518,126,2213,839,1868,503,669,109,358,321,633,954,528,612,267,476,75,2290,0,0,0,0,0,0,32,6425,180270,11.0,False,False,False,False,False,False,False,True,False,False,False,False,False,False,False,False,False,False,False,False
5,1,861,1956,545,693,150,452,308,783,1091,586,705,271,466,156,2417,776,1963,495,692,122,413,300,678,978,445,650,243,485,105,2169,0,0,0,0,0,0,32,6450,105005,22.0,False,False,False,False,False,False,False,False,True,False,False,False,False,False,False,False,False,False,False,False
6,1,647,1774,452,664,85,310,365,595,960,415,707,272,524,88,1831,715,1676,454,627,117,315,275,648,923,416,661,247,528,118,2001,0,0,0,0,0,0,32,6475,127721,4.0,False,False,False,False,False,False,False,False,False,True,False,False,False,False,False,False,False,False,False,False
7,1,770,1831,449,592,204,571,258,612,870,495,690,237,497,63,2193,755,1758,514,702,164,481,300,677,977,472,707,275,547,130,2188,0,0,0,0,0,0,32,6425,116638,8.0,False,False,False,False,False,False,False,False,False,False,True,False,False,False,False,False,False,False,False,False
8,1,792,1815,429,567,135,396,288,652,940,477,617,246,474,102,2148,741,1822,437,590,116,420,320,647,967,462,645,223,479,94,2035,0,0,0,0,0,0,32,6425,231962,5.0,False,False,False,False,False,False,False,False,False,False,False,True,False,False,False,False,False,False,False,False
9,1,833,1911,397,546,145,424,319,606,925,473,583,255,486,130,2208,851,1964,378,495,153,450,348,669,1017,536,637,264,500,108,2233,0,0,0,0,0,0,32,6500,117810,3.0,False,False,False,False,False,False,False,False,False,False,False,False,True,False,False,False,False,False,False,False
10,1,803,1800,513,661,124,394,275,619,894,465,630,285,429,91,2243,773,1828,421,574,135,416,334,635,969,486,699,224,531,91,2102,0,0,0,0,0,0,32,6425,161075,10.0,False,False,False,False,False,False,False,False,False,False,False,False,False,True,False,False,False,False,False,False
11,1,761,1828,488,697,145,433,309,627,936,480,761,265,593,93,2155,788,1847,577,766,150,447,307,646,953,487,729,277,531,130,2303,0,0,0,0,0,0,32,6525,133076,2.0,False,False,False,False,False,False,False,False,False,False,False,False,False,False,True,False,False,False,False,False
12,1,876,1993,449,650,142,459,388,650,1038,567,571,332,458,157,2343,811,1918,410,544,144,418,320,631,951,503,600,226,524,116,2176,0,0,0,0,0,0,32,6400,126841,6.0,False,False,False,False,False,False,False,False,False,False,False,False,False,False,False,True,False,False,False,False
13,1,667,1740,379,561,109,364,256,537,793,390,648,255,525,93,1822,778,1721,498,654,117,334,288,721,1009,506,618,284,529,123,2171,0,0,0,0,0,0,32,6475,142594,21.0,False,False,False,False,False,False,False,False,False,False,False,False,False,False,False,False,False,True,False,False
14,1,858,1896,609,790,88,262,348,732,1080,522,698,214,544,157,2413,860,1964,531,721,156,448,313,598,911,503,702,301,437,112,2407,0,0,0,0,0,0,32,6400,103442,,False,False,False,False,False,False,False,False,False,False,False,False,False,False,False,False,False,False,True,False
15,1,832,1813,403,578,109,335,300,646,946,521,597,245,506,126,2176,845,1875,382,555,149,397,299,612,911,513,595,261,456,102,2221,0,0,0,0,0,0,32,6400,244134,6.0,False,False,False,False,False,False,False,False,False,False,False,False,False,False,False,False,False,False,False,True
16,2,746,1780,410,528,153,428,309,639,948,467,605,217,474,114,2055,732,1846,431,562,114,369,344,567,911,443,579,257,447,124,2009,0,0,0,0,0,0,32,6500,105525,4.0,False,True,False,False,False,False,False,False,False,False,False,False,False,False,False,False,False,False,False,False
17,2,763,1770,372,505,106,335,297,662,959,503,532,267,444,83,2004,664,1745,328,444,132,417,297,594,891,434,597,225,496,127,1788,0,0,0,0,0,0,32,6425,147373,4.0,False,False,False,True,False,False,False,False,False,False,False,False,False,False,False,False,False,False,False,False
18,2,774,1914,412,542,143,405,324,621,945,469,602,225,498,82,2103,848,1837,446,583,127,340,279,702,981,438,591,262,483,109,2269,0,0,0,0,0,0,32,6550,109348,11.0,False,False,False,False,False,True,False,False,False,False,False,False,False,False,False,False,False,False,False,False
19,2,747,1908,415,539,138,435,348,710,1058,426,509,251,436,95,2047,740,1883,362,504,152,456,297,685,982,452,561,248,433,120,1994,0,0,0,0,0,0,32,6450,181115,17.0,False,False,False,False,False,False,True,False,False,False,False,False,False,False,False,False,False,False,False,False
20,2,762,1822,472,591,157,446,286,649,935,458,600,242,491,118,2153,853,1899,412,583,131,367,306,660,966,565,616,256,466,140,2249,0,0,0,0,0,0,32,6475,138922,11.0,False,False,False,False,False,False,False,True,False,False,False,False,False,False,False,False,False,False,False,False
21,2,916,2031,449,594,160,436,350,755,1105,596,616,281,438,138,2441,779,1985,416,547,192,603,294,627,921,538,591,234,453,114,2166,0,0,0,0,0,0,32,6475,148446,22.0,False,False,False,False,False,False,False,False,True,False,False,False,False,False,False,False,False,False,False,False
22,2,754,1826,356,469,93,295,292,651,943,467,602,300,448,153,1957,679,1725,420,588,120,395,301,667,968,388,538,259,512,87,1898,0,0,0,0,0,0,32,6575,141717,4.0,False,False,False,False,False,False,False,False,False,True,False,False,False,False,False,False,False,False,False,False
23,2,671,1810,559,727,176,552,308,693,1001,437,695,210,507,127,2077,752,1927,499,624,153,472,328,688,1016,511,719,259,470,126,2156,0,0,0,0,0,0,32,6475,120607,8.0,False,False,False,False,False,False,False,False,False,False,True,False,False,False,False,False,False,False,False,False
24,2,833,1828,336,500,160,421,255,660,915,553,616,265,437,82,2162,744,1759,461,640,133,394,304,679,983,430,600,223,496,76,2082,0,0,0,0,0,0,32,6400,250565,5.0,False,False,False,False,False,False,False,False,False,False,False,True,False,False,False,False,False,False,False,False
25,2,768,1914,430,587,174,532,356,614,970,452,643,320,532,125,2140,806,1831,436,605,157,438,316,659,975,534,600,298,546,114,2205,0,0,0,0,0,0,32,6450,118874,3.0,False,False,False,False,False,False,False,False,False,False,False,False,True,False,False,False,False,False,False,False
26,2,767,1894,429,587,101,313,300,642,942,514,625,292,519,138,2064,785,1892,462,584,137,391,333,698,1031,524,603,283,517,127,2169,0,0,0,0,0,0,32,6450,136979,10.0,False,False,False,False,False,False,False,False,False,False,False,False,False,True,False,False,False,False,False,False
27,2,733,1891,450,612,172,519,300,696,996,451,633,244,500,106,2088,791,1944,461,656,159,410,343,763,1106,501,643,293,474,144,2202,0,0,0,0,0,0,32,6525,137656,2.0,False,False,False,False,False,False,False,False,False,False,False,False,False,False,True,False,False,False,False,False
28,2,837,1974,457,618,163,423,374,723,1097,558,588,276,494,158,2294,804,2003,415,578,116,400,343,662,1005,496,616,261,481,143,2139,0,0,0,0,0,0,32,6525,133603,6.0,False,False,False,False,False,False,False,False,False,False,False,False,False,False,False,True,False,False,False,False
29,2,689,1821,415,606,128,412,306,585,891,412,605,273,431,127,1921,753,1750,417,559,125,325,296,756,1052,492,588,228,519,127,2048,0,0,0,0,0,0,32,6550,95257,21.0,False,False,False,False,False,False,False,False,False,False,False,False,False,False,False,False,False,True,False,False
30,2,811,1849,507,675,78,244,295,775,1070,524,622,202,493,156,2207,789,1976,489,660,125,429,344,630,974,478,645,275,390,148,2192,0,0,0,0,0,0,32,6475,110507,,False,False,False,False,False,False,False,False,False,False,False,False,False,False,False,False,False,False,True,False
31,2,739,1915,333,504,117,418,356,699,1055,424,537,257,495,127,1928,791,1945,347,467,146,408,331,737,1068,487,543,261,454,103,2075,0,0,0,0,0,0,32,6500,246667,6.0,False,False,False,False,False,False,False,False,False,False,False,False,False,False,False,False,False,False,False,True
32,3,770,1790,490,663,211,527,302,653,955,496,647,241,408,105,2241,778,1807,444,598,133,372,295,620,915,489,600,208,424,103,2133,0,0,0,0,0,0,32,6450,106670,4.0,False,True,False,False,False,False,False,False,False,False,False,False,False,False,False,False,False,False,False,False
33,3,760,1820,430,553,121,374,295,674,969,480,567,221,451,83,2071,797,1834,397,521,149,441,278,640,918,530,613,242,428,109,2140,0,0,0,0,0,0,32,6550,149084,4.0,False,False,False,True,False,False,False,False,False,False,False,False,False,False,False,False,False,False,False,False
34,3,766,1919,472,651,110,364,360,719,1079,478,609,201,541,132,2114,828,1984,464,605,146,447,314,669,983,465,637,277,443,139,2266,0,0,0,0,0,0,32,6450,94171,11.0,False,False,False,False,False,True,False,False,False,False,False,False,False,False,False,False,False,False,False,False
35,3,755,1778,453,585,109,332,299,702,1001,450,467,260,455,126,2072,705,1880,331,452,151,489,309,664,973,446,606,262,464,71,1892,0,0,0,0,0,0,32,6425,188648,17.0,False,False,False,False,False,False,True,False,False,False,False,False,False,False,False,False,False,False,False,False
36,3,731,1825,455,580,180,543,315,633,948,447,559,268,438,100,2097,804,1817,359,503,162,464,288,644,932,507,647,226,470,145,2129,0,0,0,0,0,0,32,6425,134945,11.0,False,False,False,False,False,False,False,True,False,False,False,False,False,False,False,False,False,False,False,False
37,3,891,2002,476,645,194,515,329,814,1143,583,664,257,517,161,2452,796,2040,480,649,163,521,314,645,959,508,623,275,453,111,2235,0,0,0,0,0,0,32,6475,186410,22.0,False,False,False,False,False,False,False,False,True,False,False,False,False,False,False,False,False,False,False,False
39,3,727,1775,383,578,166,500,309,650,959,466,617,226,529,102,2003,747,1807,469,613,141,389,302,612,914,495,618,273,465,117,2104,0,0,0,0,0,0,32,6475,139874,8.0,False,False,False,False,False,False,False,False,False,False,True,False,False,False,False,False,False,False,False,False
40,3,772,1740,400,567,145,400,260,610,870,496,638,261,458,100,2089,691,1733,484,645,149,434,312,649,961,410,597,228,478,88,2015,0,0,0,0,0,0,32,6450,234717,5.0,False,False,False,False,False,False,False,False,False,False,False,True,False,False,False,False,False,False,False,False
42,3,793,1889,405,538,100,328,292,626,918,427,623,267,501,94,2091,850,1870,436,608,155,388,309,692,1001,532,600,268,491,127,2291,0,0,0,0,0,0,32,6400,139798,10.0,False,False,False,False,False,False,False,False,False,False,False,False,False,True,False,False,False,False,False,False
44,3,780,1945,494,653,112,395,301,648,949,500,675,247,456,109,2166,815,1944,515,681,149,453,352,723,1075,493,633,233,496,128,2294,0,0,0,0,0,0,32,6575,144179,6.0,False,False,False,False,False,False,False,False,False,False,False,False,False,False,False,True,False,False,False,False
45,3,794,1948,418,543,182,506,362,633,995,514,623,282,477,151,2188,783,1818,435,587,102,342,307,662,969,488,563,254,531,125,2103,0,0,0,0,0,0,32,6450,111774,21.0,False,False,False,False,False,False,False,False,False,False,False,False,False,False,False,False,False,True,False,False
47,3,806,1910,359,478,164,443,330,708,1038,516,583,221,455,94,2135,786,1903,397,538,147,446,309,680,989,442,570,237,441,101,2116,0,0,0,0,0,0,32,6450,259237,6.0,False,False,False,False,False,False,False,False,False,False,False,False,False,False,False,False,False,False,False,True
48,4,787,1881,456,590,187,517,342,629,971,499,697,279,497,115,2217,790,1902,477,667,138,407,386,621,1007,491,606,264,469,104,2195,0,0,0,0,0,0,34,6850,120061,4.0,False,True,False,False,False,False,False,False,False,False,False,False,False,False,False,False,False,False,False,False
50,4,864,2102,479,646,177,549,333,762,1095,520,663,270,434,111,2384,864,2104,509,673,172,536,366,812,1178,553,669,252,476,88,2409,0,0,0,0,0,0,34,6875,102433,4.0,False,False,False,False,True,False,False,False,False,False,False,False,False,False,False,False,False,False,False,False
51,4,902,2004,624,882,125,323,379,851,1230,545,605,263,608,158,2553,911,2286,412,556,161,541,390,674,1064,504,774,309,497,129,2395,0,0,0,0,0,0,34,6900,133647,11.0,False,False,False,False,False,True,False,False,False,False,False,False,False,False,False,False,False,False,False,False
52,4,828,1916,473,600,115,344,266,764,1030,465,490,231,450,129,2244,824,2030,325,448,169,500,298,708,1006,516,634,227,430,122,2142,0,0,0,0,0,0,34,6825,150203,17.0,False,False,False,False,False,False,True,False,False,False,False,False,False,False,False,False,False,False,False,False
53,4,839,2011,449,563,210,600,334,654,988,539,668,299,474,121,2337,837,1908,490,638,157,421,309,677,986,570,631,227,512,170,2321,0,0,0,0,0,0,34,6875,141778,11.0,False,False,False,False,False,False,False,True,False,False,False,False,False,False,False,False,False,False,False,False
54,4,894,2140,537,678,174,528,336,813,1149,587,682,242,470,161,2499,866,2147,504,702,196,540,316,789,1105,572,654,241,468,127,2432,0,0,0,0,0,0,34,6900,157934,22.0,False,False,False,False,False,False,False,False,True,False,False,False,False,False,False,False,False,False,False,False
55,4,875,1978,450,624,180,524,361,718,1079,580,634,242,558,101,2380,878,2067,473,633,141,446,337,652,989,528,666,271,471,126,2370,0,0,0,0,0,0,34,6850,120253,8.0,False,False,False,False,False,False,False,False,False,False,True,False,False,False,False,False,False,False,False,False
56,4,825,1923,412,537,181,500,271,686,957,527,587,262,470,128,2243,821,1959,459,581,155,467,326,736,1062,506,614,269,480,96,2256,0,0,0,0,0,0,34,6850,212346,5.0,False,False,False,False,False,False,False,False,False,False,False,True,False,False,False,False,False,False,False,False
57,4,801,2095,379,556,116,349,357,643,1000,461,664,310,479,111,2097,834,1867,466,626,136,371,303,811,1114,509,667,275,610,146,2270,0,0,0,0,0,0,34,6925,144511,10.0,False,False,False,False,False,False,False,False,False,False,False,False,False,True,False,False,False,False,False,False
58,4,862,2107,425,626,150,473,349,718,1067,568,641,297,461,122,2299,816,1991,435,597,149,467,345,751,1096,516,640,224,576,141,2216,0,0,0,0,0,0,34,6825,155578,6.0,False,False,False,False,False,False,False,False,False,False,False,False,False,False,False,True,False,False,False,False
59,4,792,2068,538,736,93,315,350,795,1145,428,728,187,513,167,2215,867,2176,544,745,149,482,389,783,1172,530,669,275,424,140,2427,0,0,0,0,0,0,34,6825,176526,4.0,False,False,False,False,False,False,False,False,False,False,False,False,False,False,False,False,True,False,False,False
60,4,890,2045,442,567,166,500,342,732,1074,548,644,232,465,138,2388,844,2039,441,591,145,437,352,689,1041,456,570,245,459,104,2274,0,0,0,0,0,0,34,6850,120857,21.0,False,False,False,False,False,False,False,False,False,False,False,False,False,False,False,False,False,True,False,False
61,4,896,2191,381,507,157,505,382,703,1085,568,676,213,462,99,2330,909,2033,509,691,171,482,334,781,1115,591,565,251,468,119,2498,0,0,0,0,0,0,34,6875,238710,6.0,False,False,False,False,False,False,False,False,False,False,False,False,False,False,False,False,False,False,False,True
62,5,745,1744,436,590,166,459,256,616,872,426,648,210,479,134,2092,800,1932,438,587,130,349,368,628,996,516,595,243,437,114,2168,0,0,0,0,0,0,34,6900,116383,4.0,False,True,False,False,False,False,False,False,False,False,False,False,False,False,False,False,False,False,False,False
63,5,876,2051,434,590,149,467,321,724,1045,572,610,299,462,96,2335,858,1996,443,599,145,384,306,757,1063,565,627,239,492,113,2304,0,0,0,0,0,0,34,6900,114017,4.0,False,False,False,False,True,False,False,False,False,False,False,False,False,False,False,False,False,False,False,False
64,5,874,2097,556,792,62,209,397,773,1170,564,648,277,513,148,2366,860,2098,470,609,191,533,325,730,1055,515,728,289,496,131,2381,0,0,0,0,0,0,34,6850,160860,11.0,False,False,False,False,False,True,False,False,False,False,False,False,False,False,False,False,False,False,False,False
65,5,798,1933,458,615,123,358,311,724,1035,451,555,242,484,107,2177,834,2008,391,531,152,434,335,720,1055,539,655,258,471,129,2211,0,0,0,0,0,0,34,6850,137455,17.0,False,False,False,False,False,False,True,False,False,False,False,False,False,False,False,False,False,False,False,False
66,5,791,2011,450,580,166,481,396,705,1101,555,639,261,486,134,2198,804,1865,516,695,121,352,281,688,969,514,603,268,466,162,2245,0,0,0,0,0,0,34,6850,128989,11.0,False,False,False,False,False,False,False,True,False,False,False,False,False,False,False,False,False,False,False,False
67,5,904,2069,530,722,157,414,312,809,1121,626,731,262,529,148,2495,815,2095,557,761,174,511,339,727,1066,532,704,288,523,114,2361,0,0,0,0,0,0,34,6975,177269,22.0,False,False,False,False,False,False,False,False,True,False,False,False,False,False,False,False,False,False,False,False
68,5,767,1900,454,640,177,542,332,724,1056,526,660,257,613,139,2165,804,1972,490,669,92,330,323,713,1036,508,676,333,502,133,2190,0,0,0,0,0,0,34,6850,125097,8.0,False,False,False,False,False,False,False,False,False,False,True,False,False,False,False,False,False,False,False,False
69,5,819,1932,398,531,216,617,263,741,1004,539,587,209,506,124,2252,867,2096,431,579,132,416,371,730,1101,517,589,288,430,123,2297,0,0,0,0,0,0,34,6900,168062,5.0,False,False,False,False,False,False,False,False,False,False,False,True,False,False,False,False,False,False,False,False
70,5,826,1922,456,598,192,519,264,652,916,501,748,282,464,137,2300,784,1845,534,724,133,348,309,711,1020,456,660,226,536,137,2235,0,0,0,0,0,0,34,6825,136295,10.0,False,False,False,False,False,False,False,False,False,False,False,False,False,True,False,False,False,False,False,False
71,5,874,2072,435,604,129,365,389,635,1024,519,641,314,485,118,2312,803,1872,474,631,161,458,310,676,986,513,646,241,593,117,2241,0,0,0,0,0,0,34,6900,147544,6.0,False,False,False,False,False,False,False,False,False,False,False,False,False,False,False,True,False,False,False,False
72,5,812,1940,488,628,79,247,302,701,1003,493,628,272,513,106,2191,888,2003,416,564,172,469,324,710,1034,575,624,280,492,129,2364,0,0,0,0,0,0,34,6875,142717,4.0,False,False,False,False,False,False,False,False,False,False,False,False,False,False,False,False,True,False,False,False
73,5,873,2025,524,676,167,439,350,709,1059,552,665,302,499,131,2437,851,1989,423,592,139,391,303,679,982,507,678,252,527,137,2264,0,0,0,0,0,0,34,6825,134291,21.0,False,False,False,False,False,False,False,False,False,False,False,False,False,False,False,False,False,True,False,False
74,5,873,2088,474,661,105,283,337,726,1063,467,652,255,424,128,2325,864,2013,510,686,146,425,336,770,1106,534,627,237,492,111,2384,0,0,0,0,0,0,34,6850,214448,6.0,False,False,False,False,False,False,False,False,False,False,False,False,False,False,False,False,False,False,False,True
75,6,772,1913,447,624,104,301,316,609,925,493,727,284,535,113,2095,851,1888,509,713,124,339,355,700,1055,496,654,269,534,146,2335,0,0,0,0,0,0,34,6945,98054,4.0,False,True,False,False,False,False,False,False,False,False,False,False,False,False,False,False,False,False,False,False
76,6,916,2025,512,688,130,373,322,788,1110,573,624,236,452,130,2474,835,2100,452,599,122,400,350,728,1078,495,675,258,442,79,2244,0,0,0,0,0,0,34,6800,121944,4.0,False,False,False,False,True,False,False,False,False,False,False,False,False,False,False,False,False,False,False,False
77,6,831,2060,509,774,76,238,412,803,1215,474,761,241,571,155,2247,784,1945,565,754,154,456,273,745,1018,473,744,272,520,136,2287,0,0,0,0,0,0,34,6925,159356,11.0,False,False,False,False,False,True,False,False,False,False,False,False,False,False,False,False,False,False,False,False
78,6,860,1920,527,690,62,205,276,684,960,467,581,246,425,105,2309,848,1944,419,559,148,423,274,687,961,541,685,197,481,111,2263,0,0,0,0,0,0,34,6875,120676,17.0,False,False,False,False,False,False,True,False,False,False,False,False,False,False,False,False,False,False,False,False
79,6,784,1958,452,595,150,468,341,671,1012,493,668,336,477,95,2170,775,1798,460,642,123,367,279,711,990,435,644,234,558,113,2133,0,0,0,0,0,0,34,6925,142494,11.0,False,False,False,False,False,False,False,True,False,False,False,False,False,False,False,False,False,False,False,False
80,6,873,2042,456,630,124,387,321,683,1004,551,737,264,492,136,2326,818,1955,527,709,182,519,332,709,1041,567,654,247,544,115,2345,0,0,0,0,0,0,34,6800,150521,22.0,False,False,False,False,False,False,False,False,True,False,False,False,False,False,False,False,False,False,False,False
81,6,801,1946,437,601,172,492,310,715,1025,531,624,258,536,127,2211,862,2019,435,592,129,376,344,711,1055,537,665,275,487,144,2288,0,0,0,0,0,0,34,6850,113447,8.0,False,False,False,False,False,False,False,False,False,False,True,False,False,False,False,False,False,False,False,False
82,6,828,1860,452,552,208,605,242,732,974,498,613,214,462,112,2316,859,2012,442,608,125,398,345,685,1030,473,590,275,411,86,2285,0,0,0,0,0,0,34,6925,172381,5.0,False,False,False,False,False,False,False,False,False,False,False,True,False,False,False,False,False,False,False,False
83,6,826,1994,531,693,178,539,342,720,1062,549,697,243,517,179,2361,855,1993,523,720,121,332,319,705,1024,470,672,265,483,112,2354,0,0,0,0,0,0,34,6800,124146,10.0,False,False,False,False,False,False,False,False,False,False,False,False,False,True,False,False,False,False,False,False
84,6,853,1986,494,721,129,360,369,674,1043,527,684,304,500,108,2329,751,1823,478,653,113,376,273,694,967,463,723,235,622,132,2093,0,0,0,0,0,0,34,6800,145213,6.0,False,False,False,False,False,False,False,False,False,False,False,False,False,False,False,True,False,False,False,False
85,6,764,1833,503,652,110,339,256,690,946,433,650,195,535,90,2141,898,2059,463,611,142,408,351,704,1055,563,685,283,429,148,2401,0,0,0,0,0,0,34,6800,135054,4.0,False,False,False,False,False,False,False,False,False,False,False,False,False,False,False,False,True,False,False,False
86,6,906,2066,544,688,142,429,323,776,1099,520,657,201,516,158,2498,892,2163,490,646,133,419,334,686,1020,568,691,267,438,154,2407,0,0,0,0,0,0,34,6825,151150,21.0,False,False,False,False,False,False,False,False,False,False,False,False,False,False,False,False,False,True,False,False
87,6,847,1968,388,546,181,510,266,677,943,517,697,260,435,76,2263,833,1872,489,648,150,433,267,757,1024,545,638,205,504,108,2305,0,0,0,0,0,0,34,6900,171501,6.0,False,False,False,False,False,False,False,False,False,False,False,False,False,False,False,False,False,False,False,True
89,7,858,2175,449,643,157,536,357,680,1037,509,674,277,527,125,2322,971,2147,545,736,200,536,379,860,1239,623,584,262,535,120,2687,0,0,0,0,0,0,34,6800,57635,1.0,False,False,True,False,False,False,False,False,False,False,False,False,False,False,False,False,False,False,False,False
90,7,982,2216,545,675,174,510,342,926,1268,630,530,252,514,153,2683,948,2357,358,500,163,508,370,783,1153,528,646,273,486,103,2417,0,0,0,0,0,0,34,6825,126096,4.0,False,False,False,False,True,False,False,False,False,False,False,False,False,False,False,False,False,False,False,False
91,7,919,2220,553,746,136,414,406,880,1286,572,711,213,537,137,2527,840,2165,529,702,175,561,324,760,1084,474,733,275,506,108,2384,0,0,0,0,0,0,34,6825,159453,11.0,False,False,False,False,False,True,False,False,False,False,False,False,False,False,False,False,False,False,False,False
92,7,928,2098,482,678,169,472,303,822,1125,532,617,252,566,84,2507,928,2232,445,615,148,496,337,787,1124,526,705,298,519,89,2449,0,0,0,0,0,0,34,6925,130586,17.0,False,False,False,False,False,False,True,False,False,False,False,False,False,False,False,False,False,False,False,False
93,7,873,2144,518,676,171,551,339,755,1094,501,606,354,528,93,2435,883,2043,413,559,137,444,288,773,1061,507,685,259,617,105,2316,0,0,0,0,0,0,34,6850,122768,11.0,False,False,False,False,False,False,False,True,False,False,False,False,False,False,False,False,False,False,False,False
94,7,962,2195,540,726,111,377,350,852,1202,610,679,296,534,129,2575,873,2184,534,721,196,570,336,746,1082,565,636,284,556,128,2476,0,0,0,0,0,0,34,6825,141282,22.0,False,False,False,False,False,False,False,False,True,False,False,False,False,False,False,False,False,False,False,False
95,7,945,2211,485,681,148,419,340,804,1144,491,654,193,530,113,2523,1004,2314,548,719,179,542,372,832,1204,625,633,308,438,124,2735,0,0,0,0,0,0,34,6825,109522,8.0,False,False,False,False,False,False,False,False,False,False,True,False,False,False,False,False,False,False,False,False
96,7,822,2069,512,650,216,645,285,736,1021,475,674,252,576,112,2372,966,2153,553,722,171,461,341,832,1173,508,668,270,485,134,2656,0,0,0,0,0,0,34,6875,155048,5.0,False,False,False,False,False,False,False,False,False,False,False,True,False,False,False,False,False,False,False,False
97,7,1079,2434,537,684,265,722,334,811,1145,640,741,275,442,127,2960,1023,2360,630,852,203,618,408,875,1283,578,669,231,537,126,2879,0,0,0,0,0,0,34,6900,126801,10.0,False,False,False,False,False,False,False,False,False,False,False,False,False,True,False,False,False,False,False,False
98,7,919,2190,542,741,157,461,418,720,1138,509,670,330,542,88,2537,872,2021,504,661,156,507,294,725,1019,507,687,244,633,143,2404,0,0,0,0,0,0,34,6875,147739,6.0,False,False,False,False,False,False,False,False,False,False,False,False,False,False,False,True,False,False,False,False
99,7,915,2255,504,672,189,556,354,814,1168,540,610,246,488,83,2523,974,2262,490,640,165,459,372,865,1237,560,641,254,480,129,2603,0,0,0,0,0,0,34,6800,125749,4.0,False,False,False,False,False,False,False,False,False,False,False,False,False,False,False,False,True,False,False,False
100,7,961,2124,562,712,160,475,327,821,1148,514,682,232,570,127,2644,940,2218,531,707,164,484,322,709,1031,520,683,297,485,115,2575,0,0,0,0,0,0,34,6800,145664,21.0,False,False,False,False,False,False,False,False,False,False,False,False,False,False,False,False,False,True,False,False
101,7,1016,2199,528,715,187,522,330,770,1100,576,784,306,541,113,2747,909,2102,635,851,204,553,321,720,1041,583,687,252,573,89,2657,0,0,0,0,0,0,34,6850,133255,6.0,False,False,False,False,False,False,False,False,False,False,False,False,False,False,False,False,False,False,False,True
102,8,925,2277,489,723,186,544,383,782,1165,597,634,262,510,112,2525,963,2243,501,642,184,481,379,846,1225,584,683,242,566,138,2611,0,0,0,0,0,0,34,6972,66557,1.0,False,False,True,False,False,False,False,False,False,False,False,False,False,False,False,False,False,False,False,False
103,8,1001,2327,478,615,195,572,354,868,1222,619,641,272,540,156,2675,976,2317,475,626,166,485,337,842,1179,581,633,246,524,85,2593,0,0,0,0,0,0,34,6925,135490,4.0,False,False,False,False,True,False,False,False,False,False,False,False,False,False,False,False,False,False,False,False
104,8,972,2261,595,785,158,442,380,931,1311,563,702,227,564,117,2697,895,2262,547,718,203,610,309,780,1089,546,767,276,529,117,2540,0,0,0,0,0,0,34,6850,165738,11.0,False,False,False,False,False,True,False,False,False,False,False,False,False,False,False,False,False,False,False,False
105,8,915,2149,554,721,126,365,374,770,1144,558,655,289,633,109,2510,924,2190,578,719,202,581,342,721,1063,588,677,310,568,160,2628,0,0,0,0,0,0,34,6800,138816,17.0,False,False,False,False,False,False,True,False,False,False,False,False,False,False,False,False,False,False,False,False
106,8,907,2167,478,617,188,546,341,812,1153,511,646,308,589,136,2480,881,2192,450,608,158,483,369,795,1164,475,663,280,610,114,2370,0,0,0,0,0,0,34,6875,133915,11.0,False,False,False,False,False,False,False,True,False,False,False,False,False,False,False,False,False,False,False,False
107,8,940,2305,493,627,160,456,356,783,1139,554,732,245,571,107,2533,954,2212,609,800,191,537,343,836,1179,616,605,290,550,137,2708,0,0,0,0,0,0,34,6900,147810,22.0,False,False,False,False,False,False,False,False,True,False,False,False,False,False,False,False,False,False,False,False
108,8,971,2355,531,674,163,496,397,785,1182,596,713,238,561,95,2636,988,2195,614,785,162,461,318,800,1118,565,645,279,529,147,2752,0,0,0,0,0,0,34,6875,121019,8.0,False,False,False,False,False,False,False,False,False,False,True,False,False,False,False,False,False,False,False,False
109,8,870,2087,430,580,243,653,287,788,1075,500,618,289,612,109,2413,920,2223,471,619,190,589,378,837,1215,509,608,321,562,115,2501,0,0,0,0,0,0,34,6850,147866,5.0,False,False,False,False,False,False,False,False,False,False,False,True,False,False,False,False,False,False,False,False
110,8,1063,2419,616,754,283,802,279,873,1152,683,658,285,486,159,3025,1022,2526,570,716,290,762,445,945,1390,628,684,244,595,109,2904,0,0,0,0,0,0,34,6850,131524,10.0,False,False,False,False,False,False,False,False,False,False,False,False,False,True,False,False,False,False,False,False
111,8,901,2214,572,745,153,429,452,723,1175,537,642,325,611,101,2527,891,2081,512,664,186,547,308,718,1026,542,689,274,649,141,2480,0,0,0,0,0,0,34,6950,142575,6.0,False,False,False,False,False,False,False,False,False,False,False,False,False,False,False,True,False,False,False,False
112,8,923,2176,464,577,207,566,323,764,1087,567,653,283,558,130,2517,904,2139,529,688,147,454,361,776,1137,516,619,257,583,137,2484,0,0,0,0,0,0,34,6875,128680,4.0,False,False,False,False,False,False,False,False,False,False,False,False,False,False,False,False,True,False,False,False
113,8,964,2210,582,715,224,639,344,820,1164,533,620,242,533,151,2734,987,2321,478,586,195,528,333,761,1094,591,642,272,495,112,2647,0,0,0,0,0,0,34,6825,135553,21.0,False,False,False,False,False,False,False,False,False,False,False,False,False,False,False,False,False,True,False,False
114,8,877,2170,668,839,163,528,335,783,1118,472,763,282,571,133,2585,924,2216,616,801,175,520,383,825,1208,549,762,256,579,103,2639,0,0,0,0,0,0,34,6900,133255,6.0,False,False,False,False,False,False,False,False,False,False,False,False,False,False,False,False,False,False,False,True
